2023,,,0,accepted
2023,What Program Did You Apply To?,Which University Was This Program From?,0,accepted
2023,,,0,accepted
2023,Business Administration,Wilfrid Laurier University,86,accepted
2023,Psychology,Queens University,96,accepted
2023,Physics,University Of Ottawa,93,accepted
2023,Computer Science,Trent University,88,accepted
2023,Physical And Mathematical Sciences,University Of Waterloo,94,accepted
2023,History,Laurentian University,79,accepted
2023,Urban And Regional Planning,Toronto Metropolitan University,97,accepted
2023,History,Toronto Metropolitan University,97,accepted
2023,Computer Science,Toronto Metropolitan University,98,accepted
2023,Computer Engineering,Toronto Metropolitan University,98,accepted
2023,Mechanical Engineering,University Of Ottawa,96,accepted
2023,Undeclared Engineering,Toronto Metropolitan University,98,accepted
2023,Mechanical Engineering,Toronto Metropolitan University,96,accepted
2023,Geographic Analysis,Toronto Metropolitan University,97,accepted
2023,Computing,Queens University,98,accepted
2023,Engineering,Queens University,98,accepted
2023,Engineering- Direct Entry Electrical And Computer,Queens University,98,accepted
2023,Honours Life Sciences With Co-Op,University Of Waterloo,92,accepted
2023,Arts (Psychology),Queens University,98,accepted
2023,Biochemistry,University Of Ottawa,89,accepted
2023,Health Sci,Wilfrid Laurier University,91,accepted
2023,Kin,Wilfrid Laurier University,91,accepted
2023,Sociology,Toronto Metropolitan University,76,accepted
2023,Bachelors Of Arts Sociology Major With Management Option,Wilfrid Laurier University,76,accepted
2023,Honours Science,University Of Waterloo,93,accepted
2023,Health Sciences,Wilfrid Laurier University,88,accepted
2023,Bachelor Of Arts (Honours) Program,Queen'S University,94,accepted
2023,Honours Arts And Business (Psych) Co-Op,University Of Waterloo,90,accepted
2023,Business Management Co-Op,Toronto Metropolitan University,90,accepted
2023,Nursing,Toronto Metropolitan University,96,accepted
2023,Computer Science,Toronto Metropolitan University,97,accepted
2023,Computer Science (Bsc),Wilfrid Laurier University,98,accepted
2023,"(Multiple Programs) - Laurier Bba, Tmu Accounting And Finance, Ottawa Management (Accounting)","Wilfrid Laurier University, Toronto Metropolitan University , Ottawa",95,accepted
2023,Health Science Co-Op,University Of Waterloo,96,accepted
2023,Political Science (Coop),University Of Ottawa,85,accepted
2023,Urban & Regional Planning,Toronto Metropolitan University,93,accepted
2023,Computer Engineering,Toronto Metropolitan University,89,accepted
2023,Computer Science,Wilfrid Laurier University,90,accepted
2023,Mechanical,University Of Ottawa,89,accepted
2023,Electrical Engineering And Computing Technology,University Of Ottawa,89,accepted
2023,Honours Bachelor Of Commerce In Accounting Coop Program,University Of Ottawa,88,accepted
2023,Science,Queens University,94,accepted
2023,Honours Science Co-Op,University Of Waterloo,96,accepted
2023,Health Science,University Of Ottawa,94,accepted
2023,Accounting And Finance,Toronto Metropolitan University,90,accepted
2023,Civil Engineering With Co-Op,University Of Ottawa,98,accepted
2023,Math And Statistics,University Of Ottawa,92,accepted
2023,Electrical And Computer Engineering,Queens University,94,accepted
2023,Mechanical Engineering,Toronto Metropolitan University,94,accepted
2023,Biopharmaceutical Sciences,University Of Ottawa,92,accepted
2023,Bba In Finance,Trent University,83,accepted
2023,Commerce,University Of Ottawa,91,accepted
2023,Chemistry,Toronto Metropolitan University,92,accepted
2023,Finance And Wealth Management,Western University,94,accepted
2023,Honours Bachelor Of Science In Financial Mathematics And Economics,Ottawa University,94,accepted
2023,General Engineering,Queens University,98,accepted
2023,Biology & Psychology Bsc,Wilfrid Laurier University,84,accepted
2023,Political Science,University Of Ottawa,91,accepted
2023,Computer Science,Wilfrid Laurier University,91,accepted
2023,Biochemistry,University Of Ottawa,85,accepted
2023,Computer Engineering,University Of Ottawa,92,accepted
2023,Bba International Double Degree,Brock University,94,accepted
2023,Political Science - Honours,University Of Windsor,95,accepted
2023,Public Health,Toronto Metropolitan University,84,accepted
2023,Cs,Toronto Metropolitan University,98,accepted
2023,Computing,Queens University,98,accepted
2023,Computer Science,Wilfrid Laurier University,82,accepted
2023,Computer Science,Toronto Metropolitan University,96,accepted
2023,Integrated Math And Computer Science,Ontario Tech University,96,accepted
2023,Computer Science,Toronto Metropolitan University,95,accepted
2023,Health Science,Wilfrid Laurier University,86,accepted
2023,Planning,University Of Waterloo,97,accepted
2023,Community Health (Now Applied Health Sci),Wilfrid Laurier University,85,accepted
2023,Political Science (Co-Op),University Of Ottawa,90,accepted
2023,Geomatics,University Of Waterloo,86,accepted
2023,Life Sciences,University Of Waterloo,98,accepted
2023,Papm,Carleton University,97,accepted
2023,Accounting,Brock University,85,accepted
2023,Honours Science,University Of Waterloo,97,accepted
2023,Computer Science,Wilfrid Laurier University,91,accepted
2023,Bba + Cs Double Degree (Laurier),Wilfrid Laurier University,91,accepted
2023,Bachelor Of Arts,Queens University,93,accepted
2023,"Bachelor Of Social Sciences In Environmental Economics And Public Policy, French Immersion + Co-Op",University Of Ottawa,93,accepted
2023,Bachelor Of Science,University Of Ottawa,93,accepted
2023,Bachelor Of Science,Queens University,93,accepted
2023,Mechanical Engineering,University Of Ottawa,92,accepted
2023,Human Kinetics,University Of Ottawa,89,accepted
2023,International Development & Globalization,University Of Ottawa,97,accepted
2023,Computer Science,Dal,96,accepted
2023,Public Administration W/ Co-Op And French Immersion Stream,University Of Ottawa,85,accepted
2023,Computer Science Coop,Trent University,82,accepted
2023,Philosophy,University Of Ottawa,96,accepted
2023,Ethics And Political Philosophy,University Of Ottawa,96,accepted
2023,Bachelor Of Economics And Political Science,University Of Ottawa,95,accepted
2023,Bachelor Of Economics (Financial Economics Concentration),Carleton University,95,accepted
2023,Computer Science,Wilfrid Laurier University,85,accepted
2023,Chemistry (Physical Sciences),University Of Waterloo,95,accepted
2023,Health Science,Wilfrid Laurier University,93,accepted
2023,Honours Science,Wilfrid Laurier University,93,accepted
2023,Medical Science,Brock University,93,accepted
2023,"Urban And Regional Planning, Graphic Communications Managment",Toronto Metropolitan University,93,accepted
2023,Business Technology Management,Wilfrid Laurier University,88,accepted
2023,Physics,University Of Ottawa,86,accepted
2023,Computer Science,Toronto Metropolitan University,94,accepted
2023,Political Science,University Of Ottawa,87,accepted
2023,Comp Sci And Psych,Wilfrid Laurier University,92,accepted
2023,Civil Engineering,University Of Ottawa,85,accepted
2023,Bachelor Of Arts (Political Science),Dalhousie,93,accepted
2023,Business Administration,Brock University,88,accepted
2023,Political Science And Juris Doctor,University Of Ottawa,95,accepted
2023,Comp Eng,Toronto Metropolitan University,96,accepted
2023,Undeclared Engineering,Toronto Metropolitan University,94,accepted
2023,Biomedical Science,York University,89,accepted
2023,Health Science,Wilfrid Laurier University,90,accepted
2023,Biochemistry,York University,89,accepted
2023,Bio Pharmaceutical Science,University Of Ottawa,95,accepted
2023,Life Sciences,University Of Waterloo,95,accepted
2023,Accounting,University Of Ottawa,87,accepted
2023,Business Management (Bcomm),Toronto Metropolitan University,96,accepted
2023,Honours Bachelor Of Commerce In Accounting Coop Program (French),University Of Ottawa,90,accepted
2023,Biology,Toronto Metropolitan University,87,accepted
2023,Biology,Wilfrid Laurier University,87,accepted
2023,Computer Science Co Op,Ontario Tech University,93,accepted
2023,Joint Honours Mathematics And Economics,University Of Ottawa,91,accepted
2023,Computer Engineering,Toronto Metropolitan University,91,accepted
2023,Honours Ba Psychology,University Of Ottawa,89,accepted
2023,Business - Technology Management,Ontario Tech University,97,accepted
2023,Computer Engineering,Toronto Metropolitan University,87,accepted
2023,Neuroscience,Brock University,94,accepted
2023,Health Science,Wilfrid Laurier University,94,accepted
2023,Life Sciences,University Of Waterloo,94,accepted
2023,Mathematics And It'S Applications,Toronto Metropolitan University,92,accepted
2023,Business Admin,Guelph-Humber,90,accepted
2023,Computing,Queens University,98,accepted
2023,Neuroscience And Mental Health,Carleton University,91,accepted
2023,Electrical And Computer Engineering,Queens University,96,accepted
2023,Bioinformatics,Carleton University,87,accepted
2023,Computer Engineering,University Of Ottawa,97,accepted
2023,Business Administration,University Of Guelph - Humber,93,accepted
2023,Civil Engineering,Toronto Metropolitan University,93,accepted
2023,Joint Honours Political Science & Public Administration (Co-Op),University Of Ottawa,92,accepted
2023,Political Science & Juris Doctor (Jd),University Of Ottawa,92,accepted
2023,Chemistry And Physics,Wilfrid Laurier University,95,accepted
2023,Honours Health Science,University Of Ottawa,96,accepted
2023,Mechatronics And Robotics Engineering,Queens University,95,accepted
2023,Chemistry (Honours),Carleton University,92,accepted
2023,Computer Engineering,University Of Ottawa,93,accepted
2023,Computer Science,Toronto Metropolitan University,97,accepted
2023,Bsc Mathematics,Wilfrid Laurier University,90,accepted
2023,Mathematics & Its Applications,Toronto Metropolitan University,90,accepted
2023,Honours Planning,University Of Waterloo,94,accepted
2023,Con-Ed,University Of Windsor,91,accepted
2023,Bachelor In Business Administration (Bba),Wilfrid Laurier University,97,accepted
2023,Bsc-Environmental Geosciences-Co-Op,Brock University,89,accepted
2023,Computing Science,University Of Alberta,96,accepted
2023,Bachelor Of Social Science Joint Honours Political Science And Public Administration,University Of Ottawa,95,accepted
2023,Bachelor Of Arts (Honours) Sociology,Queens University,95,accepted
2023,Economics And Financial Management With Management Option,Wilfrid Laurier University,97,accepted
2023,Life Sciences,University Of Waterloo,96,accepted
2023,Economics And Accounting,Wilfrid Laurier University,85,accepted
2023,Political Science & Public Adminstration,University Of Ottawa,87,accepted
2023,Computing,Queens University,96,accepted
2023,Public Affairs And Policy Management,Carleton University,93,accepted
2023,Aerospace Engineering,Toronto Metropolitan University,97,accepted
2023,Life Sciences,University Of Waterloo,92,accepted
2023,"Neuroscience, Biochemistry, Psychology",University Of Guelph,94,accepted
2023,Zoology,University Of Guelph,94,accepted
2023,Forensic Chemistry,Trent University,91,accepted
2023,Science,Queens University,98,accepted
2023,Financial Mathematics,Toronto Metropolitan University,92,accepted
2023,Computer Science,Ontario Tech University,94,accepted
2023,Papm,Carleton University,92,accepted
2023,Psychology,York University,89,accepted
2023,Physics And Astronomy,York University,89,accepted
2023,"B.Sc., Hons. Data Science",York University,98,accepted
2023,"B.Eng., Spec. Hons. Engineering",York University,98,accepted
2023,Applied Human Nutrition,University Of Guelph,95,accepted
2023,Biomedical Science,York University,88,accepted
2023,Commerce,York University,95,accepted
2023,Mechanical Engineering,University Of Guelph,96,accepted
2023,Biomedical Sciences,University Of Guelph,98,accepted
2023,Civil Engineering,Carleton University,86,accepted
2023,General Science,Western University,95,accepted
2023,Software Engineering,Carleton University,86,accepted
2023,"Media, Information And Technoculture",Western University,91,accepted
2023,Con-Ed,Brock University,91,accepted
2023,Medical Sciences,Western University,98,accepted
2023,Actuarial Science,York University,96,accepted
2023,Health Sciences,Western University,98,accepted
2023,Medical Sciences,Western University,98,accepted
2023,Health Sciences,University Of Ottawa,98,accepted
2023,Data Science,York University,94,accepted
2023,Data Science,Western University,93,accepted
2023,Biomedical Science,University Of Ottawa,97,accepted
2023,Engineering (Ee),Western University,98,accepted
2023,"Animal Biology, Wildlife Biology Coop",University Of Guelph,99,accepted
2023,Medical Sciences,Western University,99,accepted
2023,Science,Western University,96,accepted
2023,Computer Science,York University,96,accepted
2023,Medical And Health Science,Western University,96,accepted
2023,Honours Bachelor Of Commerce (Business Technology Management),University Of Ottawa,87,accepted
2023,Science,University Of Guelph,90,accepted
2023,General Science (Astrophysics),Western University,94,accepted
2023,Hons. Psychology,York University,89,accepted
2023,Computer Science,Western University,96,accepted
2023,Bmos,Western University,97,accepted
2023,Civil Engineering,Carleton University,82,accepted
2023,Computer Science,York University,97,accepted
2023,General Sciences,Western University,97,accepted
2023,Kinesiology And Health Science,York University,81,accepted
2023,Engi,Western University,97,accepted
2023,Engineering,York University,91,accepted
2023,Health Sciences,Western University,93,accepted
2023,Hons. Criminology,York University,92,accepted
2023,Hons. Criminology,York University,92,accepted
2023,Hons. Criminology,University Of Ottawa,92,accepted
2023,Hons. Criminology,Toronto Metropolitan University,92,accepted
2023,Medical Sciences,Western University,95,accepted
2023,Engineering,Western University,97,accepted
2023,Bachelor Of Medical Sciences,Western University,97,accepted
2023,Health Sciences,Western University,97,accepted
2023,Health Sciences,University Of Ottawa,97,accepted
2023,Bsc Environmental Science,Waterloo Campus,95,accepted
2023,Biomedical Sciences,Brock University,96,accepted
2023,Computer Engineering Coop,University Of Ottawa,93,accepted
2023,Science (Integrated Science),Western University,96,accepted
2023,Social Sciences (Politics Philosophy Economics With Economics Specialization Was Chosen As Intended Major),Western University,98,accepted
2023,Computer Science,York University,94,accepted
2023,Engineering (Beng),York University,90,accepted
2023,"Bachelors Of Science (Honours), (Bsch)",Queens University,95,accepted
2023,Information Technology Bcom,York University,82,accepted
2023,English,University Of Guelph,90,accepted
2023,Public Administration/Political Science,University Of Ottawa,92,accepted
2023,Honours Batchelor Of Mathematics,Carleton University,95,accepted
2023,Honours Bachelor Of Science In Mathematics Co-Op,University Of Ottawa,95,accepted
2023,Computer Engineering,Toronto Metropolitan University,95,accepted
2023,Political Science,York University,93,accepted
2023,Computer Science,Wilfrid Laurier University,92,accepted
2023,Honours Arts And Business,University Of Waterloo,95,accepted
2023,Civil Engineering,Carleton University,85,accepted
2023,Computer Systems Engineering,Carleton University,92,accepted
2023,Business Management,Toronto Metropolitan University,90,accepted
2023,Computer Science,Carleton University,92,accepted
2023,Computational & Applied Math And Statistics: Applied Statistics & Probability,Carleton University,92,accepted
2023,Mathematics,University Of Ottawa,90,accepted
2023,Medical Sciences,Western University,91,accepted
2023,Mechatronics And Robotics Engineering,Queens University,96,accepted
2023,Mechatronics Engineering,Toronto Metropolitan University,96,accepted
2023,Cs (Co-Op) - Swe Concentration,Carleton University,98,accepted
2023,Criminology,Western University,92,accepted
2023,Health Science,Wilfrid Laurier University,81,accepted
2023,Bachelor Of Engineering: Computer Systems Engineering,Carleton University,88,accepted
2023,Computer Science Honours,Carleton University,91,accepted
2023,Bachelor Of Science,Memorial University,93,accepted
2023,Engineering,York University,92,accepted
2023,B. Computer Science Honours,Carleton University,97,accepted
2023,Computer Science,Carleton University,96,accepted
2023,Biology,University Of Ottawa,89,accepted
2023,Medical Science,Western University,93,accepted
2023,Political Science (Honours Arts) - Co-Op,Trent University,91,accepted
2023,Political Science - Co-Op,University Of Ottawa,91,accepted
2023,Ba Joint Honours In History And Political Science (Co-Op),University Of Ottawa,91,accepted
2023,Honours Arts (Ba) Political Science,Wilfrid Laurier University,91,accepted
2023,Cognitive Science,Carleton University,94,accepted
2023,Computer Science With Managment Option,Wilfrid Laurier University,88,accepted
2023,Computer Science (Cs Honours Co-Op),Carleton University,94,accepted
2023,Disaster And Emergency Management,York University,97,accepted
2023,Game Development,Ontario Tech University,97,accepted
2023,Computer Science (Bsc),Wilfrid Laurier University,88,accepted
2023,Computer Science With Subject Of Major Interest: Computer Science With Software Engineering Specialization (Honours) (Co-Op Only),University Of Windsor,88,accepted
2023,Bsc Honours: Computer Science (Co-Op),Brock University,88,accepted
2023,Software Eng,Carleton University,84,accepted
2023,Communication With Political Science,University Of Ottawa,87,accepted
2023,Honours Bachelor Of Health Sciences,University Of Ottawa,90,accepted
2023,Bachelor Of Engineering,Memorial University Of Newfoundland,98,accepted
2023,Information Technology (Bcom),York University,86,accepted
2023,Industrial Engineering,Ontario Tech University,85,accepted
2023,B. Of Computer Science Honours,Carleton University,94,accepted
2023,Mechanical Engineering,University Of Ottawa,94,accepted
2023,Commerce,York University,89,accepted
2023,Computer Science,Wilfrid Laurier University,89,accepted
2023,Mechanical Engineering,University Of Ottawa,86,accepted
2023,Psychology,York University,87,accepted
2023,Cognitive Science,York University,87,accepted
2023,Computer Science,Wilfrid Laurier University,95,accepted
2023,Biomedical Engineering,Toronto Metropolitan University,96,accepted
2023,Computer Science (Bsc) With Management Option,Wilfrid Laurier University,92,accepted
2023,Social Science (Psychology),Western University,95,accepted
2023,Computer Science (Bsc),Wilfrid Laurier University,92,accepted
2023,Honours Bachelor Of Business Administration - Co-Op,Brock University,86,accepted
2023,Neuroscience,York University,90,accepted
2023,Engineering (B. Eng),York University,90,accepted
2023,Engineering (B.Eng),York University,89,accepted
2023,"Bachelor Of Commerce Honours, Concentration In Finance (Co-Op)",Carleton University,86,accepted
2023,Commerce (With Co-Op),Carleton University,86,accepted
2023,Business Administration - Co-Op,Trent University,95,accepted
2023,Med Sci,Western University,97,accepted
2023,Commerce Honours,Carleton University,90,accepted
2023,Bachelor Of Public Affairs And Policy Management: International Policy Studies (International Relations And Conflict),Carleton University,91,accepted
2023,Software Engineering,Carleton University,85,accepted
2023,Computer Science,Carleton University,94,accepted
2023,Computer Engineering Co-Op,University Of Ottawa,96,accepted
2023,Engineering (Beng),York University,95,accepted
2023,Engineering Physics,Carleton University,95,accepted
2023,Biomedical Science,University Of Guelph,97,accepted
2023,Politics And Governance,Toronto Metropolitan University,90,accepted
2023,Engineering,University Of Guelph,95,accepted
2023,Engineering,Western University,95,accepted
2023,Electrical Engineering & Maths And Computer Science,Mcgill University,777,accepted
2023,Political Science,York University,90,accepted
2023,Science (Computer Science),Western University,95,accepted
2023,Business Technology Management,Toronto Metropolitan University,95,accepted
2023,Electrical Engineering,Carleton University,94,accepted
2023,Finance,University Of Ottawa,94,accepted
2023,Networking And It Security (Bachelors Of Information Technology),Ontario Tech University,84,accepted
2023,Mechanical Engineering,University Of Ottawa,92,accepted
2023,Mechanical Engineering,Carleton University,92,accepted
2023,Computer Science,Carleton University,97,accepted
2023,Civil Eng,Carleton University,91,accepted
2023,Bba,Wilfrid Laurier University,94,accepted
2023,Computer Science,Wilfrid Laurier University,94,accepted
2023,Financial Mathematics And Economics,University Of Ottawa,92,accepted
2023,Computer Science,University Of Toronto,93,accepted
2023,Software Engineering,Ontario Tech University,87,accepted
2023,Networking And It Security,Ontario Tech University,91,accepted
2023,Comp Sci,University Of Ottawa,84,accepted
2023,Data Science,York University,91,accepted
2023,Engineering,York University,91,accepted
2023,Bachelor Of Science (Honours) - Computer Science,Toronto Metropolitan University,92,accepted
2023,Civil Engineering,Carleton University,78,accepted
2023,Civil Engineering,Carleton University,78,accepted
2023,Computer Science,Queens University,96,accepted
2023,General Science,Western University,96,accepted
2023,Public Affairs And Policy Management (Social Policy Specialization),Carleton University,85,accepted
2023,Undeclared Engineering,Toronto Metropolitan University,89,accepted
2023,Mechatronics Engineering,Ontario Tech University,89,accepted
2023,Computer Science,Toronto Metropolitan University,94,accepted
2023,Biomedical Engineering,Toronto Metropolitan University,96,accepted
2023,Computer Engineering,Toronto Metropolitan University,93,accepted
2023,Computer Science,Western University,93,accepted
2023,Engineering,Western University,97,accepted
2023,Nursing,Gbc/Tmu (Collab) And York,94,accepted
2023,Biology,Carleton University,86,accepted
2023,Undeclared Engineering,Toronto Metropolitan University,90,accepted
2023,Computer Engineering,Toronto Metropolitan University,89,accepted
2023,Computer Engineering,York University,89,accepted
2023,Computer Engineering,University Of Ottawa,89,accepted
2023,Biology,University Of Ottawa,87,accepted
2023,Life Sciences (Biomed Sci),University Of Waterloo,89,accepted
2023,Mechatronics And Robotics Engineering,Queens University,92,accepted
2023,Computing,Queens University,98,accepted
2023,Bachelor Of Science,Queens University,98,accepted
2023,Computing,Queens University,96,accepted
2023,Honours Science,University Of Waterloo,92,accepted
2023,Physical Sciences (Med Chem),University Of Waterloo,92,accepted
2023,Computer Science - Ai And Machine Learning,Carleton University,97,accepted
2023,Mechatronics & Robotics Eng,Queens University,98,accepted
2023,Software Engineering,University Of Guelph,98,accepted
2023,Life Sciences Coop,University Of Waterloo,87,accepted
2023,Social Sciences (Criminology),University Of Ottawa,83,accepted
2023,Bachelor Of Arts (Health Studies),Queens University,94,accepted
2023,Nursing,York University,93,accepted
2023,Mechatronics And Robotics Engineering,Queens University,91,accepted
2023,Kinesiology (No Coop),University Of Waterloo,86,accepted
2023,Kinesiology And Health Science,York University,86,accepted
2023,Biomedical Engineering,Toronto Metropolitan University,90,accepted
2023,Physical Sciences (Astronomy/Physics),University Of Waterloo,95,accepted
2023,Computer Science (Co-Op),Ontario Tech University,90,accepted
2023,Computational And Applied Mathematics And Statistics,Carleton University,89,accepted
2023,Graphic Communications Management,Toronto Metropolitan University,97,accepted
2023,Computing,Queens University,99,accepted
2023,Social Science,Western University,94,accepted
2023,Electrical Engineering,Carleton University,84,accepted
2023,Health Science,Wilfrid Laurier University,95,accepted
2023,Cognitive Science,Carleton University,87,accepted
2023,Life Sciences,Queens University,98,accepted
2023,Management & Organizational Studies,Western University,94,accepted
2023,Comp Sci,Wilfrid Laurier University,89,accepted
2023,Networking & It Security,Ontario Tech University,87,accepted
2023,Humanities 1,Mcmaster University,97,accepted
2023,Business Administration,Wilfrid Laurier University,96,accepted
2023,Bachelor Of Applied Science Civil Engineering Coop Program,University Of Ottawa,96,accepted
2023,Social Science,Western University,96,accepted
2023,Life Science,Mcmaster University,96,accepted
2023,Ibiomed,Mcmaster University,95,accepted
2023,Engineering,Ubc,96,accepted
2023,Financial Mathematics And Economics,University Of Ottawa,95,accepted
2023,Economics,Western University,95,accepted
2023,Honours Bachelor Of Health Sciences,University Of Ottawa,89,accepted
2023,Life Science (Co-Op),University Of Waterloo,85,accepted
2023,Honours Science,University Of Waterloo,85,accepted
2023,Honours Science (Biology) (Co-Op),University Of Ottawa,85,accepted
2023,Life Sciences And Honours Science,University Of Waterloo,86,accepted
2023,Engineering,Western University,96,accepted
2023,Engineering,Queens University,96,accepted
2023,Social Science,Western University,99,accepted
2023,Science,Western University,94,accepted
2023,Life Sciences (Biomedical Science),University Of Waterloo,86,accepted
2023,Science (Biology),Western University,86,accepted
2023,Health Science,Wilfrid Laurier University,87,accepted
2023,Computer Science,Wilfrid Laurier University,87,accepted
2023,Neuroscience,Brock University,87,accepted
2023,Life Science,Mcmaster University,98,accepted
2023,Biomedical Science,York University,94,accepted
2023,Computer Science,Carleton University,97,accepted
2023,Science,University Of British Columbia,96,accepted
2023,Social Science: Psychology,Western University,90,accepted
2023,Law And Society,York University,87,accepted
2023,Engineering,Western University,88,accepted
2023,Engineering,Western University,93,accepted
2023,Environmental Engineering,University Of Guelph,93,accepted
2023,Law & Society,York University,86,accepted
2023,Honours Political Science With Management Option,Wilfrid Laurier University,86,accepted
2023,Political Science,Brock University,86,accepted
2023,Applied Science (Engineering),Ubc,97,accepted
2023,Honours Arts And Business,University Of Waterloo,86,accepted
2023,Social Sciences I (Political Science Specialization In Public Law And Judicial Studies),Mcmaster University,86,accepted
2023,Social Science (Political Science),Western University,86,accepted
2023,Life Science,Mcmaster University,95,accepted
2023,"Bachelor Of Commerce, (Co-Op) Government, Economics And Management",University Of Guelph,94,accepted
2023,Engineering,York University,89,accepted
2023,Life Sciences & Biochemistry,Queens University,90,accepted
2023,Biomedical Sciences,University Of Ottawa,90,accepted
2023,Health Sciences,University Of Ottawa,90,accepted
2023,Biomedical Science,University Of Waterloo,90,accepted
2023,Bachelor Of Arts (Undeclared),Simon Fraser University,82,accepted
2023,Economics,Wilfrid Laurier University,95,accepted
2023,Bba,Wilfrid Laurier University,95,accepted
2023,Economics,Western University,96,accepted
2023,"Government, Economics And Management (W/ Co-Op)",University Of Guelph,96,accepted
2023,Electrical Engineering,Toronto Metropolitan University,89,accepted
2023,Mechanical Engineering,Toronto Metropolitan University,92,accepted
2023,Engineering,York University,92,accepted
2023,Undeclared Engineering,Toronto Metropolitan University,89,accepted
2023,Engineering,York University,89,accepted
2023,Health Sciences,Carleton University,95,accepted
2023,Anthropology And Forensics,Trent Peterborough,79,accepted
2023,Health Sciences,Western University,91,accepted
2023,Health Sciences,Ontario Tech University,91,accepted
2023,Chemistry Bsc,University Of Waterloo,87,accepted
2023,Life Sci,Mcmaster University,96,accepted
2023,Software Engineering,University Of Guelph,95,accepted
2023,Engineering,Queens University,99,accepted
2023,Concurrent Education/Bachelor Of Arts At Bader College,Queens University,90,accepted
2023,Computer Science,University Of Toronto,95,accepted
2023,Electrical Engineering,University Of Toronto,96,accepted
2023,Engineering Science,University Of Toronto,97,accepted
2023,Biomedical Science,Toronto Metropolitan University,96,accepted
2023,Engineering Science,University Of Toronto,99,accepted
2023,Life Science,Mcmaster University,94,accepted
2023,Life Sciences,Mcmaster University,96,accepted
2023,"Honours Science, Life Science/ Biochem",Queens University,96,accepted
2023,"Medical Science, Science",Western University,96,accepted
2023,Biochemistry,York University,96,accepted
2023,Honours Physical Sciences,University Of Waterloo,92,accepted
2023,Engineering,Western University,91,accepted
2023,Business Technology Management,Toronto Metropolitan University,97,accepted
2023,Ivey Aeo,Western University,99,accepted
2023,Business Admin (Co-Op),Trent University (Both Campuses),95,accepted
2023,Nursing,Tmu-Gbc,92,accepted
2023,Business Management,Toronto Metropolitan University,92,accepted
2023,Computer Science,Utm,97,accepted
2023,Bachelor Of Commerce,Toronto Metropolitan University,89,accepted
2023,Life Science,University Of Toronto,96,accepted
2023,Physical And Mathematical Sciences,University Of Toronto,96,accepted
2023,Life Sciences,University Of Toronto,96,accepted
2023,Life Sciences,University Of Toronto,99,accepted
2023,Computer Science,University Of Toronto,96,accepted
2023,Computer Science,University Of Ottawa,94,accepted
2023,Computer Engineering,Toronto Metropolitan University,94,accepted
2023,Mathematical And Physical Sciences (Art Sci),University Of Toronto,94,accepted
2023,Computer Science,Toronto Metropolitan University,94,accepted
2023,Electrical And Computer Engineering,Queens University,94,accepted
2023,Social Science,University Of Toronto,97,accepted
2023,Rotman Commerce,University Of Toronto,96,accepted
2023,Life Science,University Of Toronto,90,accepted
2023,Life Science,University Of Toronto,92,accepted
2023,Life Sciences,University Of Toronto,96,accepted
2023,General Engineering,Simon Fraser University (Sfu),89,accepted
2023,Rotman Commerce,University Of Toronto,96,accepted
2023,Life Science,University Of Toronto St.G,99,accepted
2023,Computer Science,University Of Toronto,98,accepted
2023,Co-Op Life Sciences,University Of Toronto,93,accepted
2023,Life Science,University Of Toronto,95,accepted
2023,Rotman Commerce,University Of Toronto,94,accepted
2023,Life Sciences,University Of Toronto,98,accepted
2023,Business Management And Business Tech Management,Toronto Metropolitan University,86,accepted
2023,Rotman Commerce,University Of Toronto,100,accepted
2023,Computer Science,Wilfrid Laurier University,98,accepted
2023,Computer Science,University Of Guelph,98,accepted
2023,Computer Science,Carleton University,98,accepted
2023,Computing,Queens University,98,accepted
2023,Computer Science,Toronto Metropolitan University,98,accepted
2023,Computer Science,University Of Ottawa,99,accepted
2023,Computer Science,University Of Toronto,99,accepted
2023,Sociology,Toronto Metropolitan University,91,accepted
2023,Social Work,Toronto Metropolitan University,91,accepted
2023,Life Sciences,University Of Toronto,96,accepted
2023,Life Sciences,University Of Toronto,92,accepted
2023,Business Management (Bcomm),Toronto Metropolitan University,85,accepted
2023,"Studies In Computer Science, Mathematics And Statistics",University Of Toronto,95,accepted
2023,Life Science,University Of Toronto,94,accepted
2023,Computer Science,Toronto Metropolitan University,94,accepted
2023,Business Management,Toronto Metropolitan University,95,accepted
2023,Bba,Wilfrid Laurier University,95,accepted
2023,Health Sci On Main Campus,Queens University,97,accepted
2023,Bba,Wilfrid Laurier University,96,accepted
2023,Bachelors Computer Science,University Of New Brunswick,89,accepted
2023,Cs + Ivey Aeo,Western University,94,accepted
2023,Business Administration,Wilfrid Laurier University,93,accepted
2023,English Lit (Humanities),University Of Toronto,90,accepted
2023,Honours Arts With Coop (English Lit And Rhetoric),University Of Waterloo,90,accepted
2023,Mathematical And Physical Sciences,University Of Toronto,89,accepted
2023,Nursing,Toronto Metropolitan University,90,accepted
2023,Science,Western University,96,accepted
2023,Engineering,Western University,94,accepted
2023,Health Science,Western University,95,accepted
2023,Medical Radiation Sciences,Mcmaster University,96,accepted
2023,Health Sciences,Wilfrid Laurier University,95,accepted
2023,Honours Life Sciences (Regular),University Of Waterloo,95,accepted
2023,Health Sci,University Of Ottawa,93,accepted
2023,Computer Science (4 Years),University Of Ottawa,89,accepted
2023,Computer Science – Honours (Regular And Co-Op),Carleton University,89,accepted
2023,Helath Science,University Of Ottawa,92,accepted
2023,Health Sciences,Queens University,92,accepted
2023,Software Engineering,University Of Ottawa,93,accepted
2023,Financial Mathematics And Economics,University Of Ottawa,90,accepted
2023,Stats,University Of Toronto,94,accepted
2023,Data Science (Double Degree Math + Compsci),University Of Ottawa,94,accepted
2023,Applied Science (Engineering),University Of Ottawa,96,accepted
2023,Applied Science (Engineering),Queens University,96,accepted
2023,Bba/Cs Dd (Wl Only),Wilfrid Laurier University,95,accepted
2023,Health Sciences,Wilfrid Laurier University,87,accepted
2023,Bsc (Hons) Biopharm Sci,University Of Ottawa,93,accepted
2023,Computer Science,University Of Ottawa,91,accepted
2023,Business Management,Toronto Metropolitan University,84,accepted
2023,Nursing,University Of Ottawa,90,accepted
2023,Electrical Engineering And Computing Technology,University Of Ottawa,83,accepted
2023,Electrical Engineering,University Of Ottawa,83,accepted
2023,"Bachelor Of Science (Honours) - Biomedical Sciences, Bachelor Of Science In Nursing (Fall 2023)",Toronto Metropolitan University,95,accepted
2023,Civil Engineering,Toronto Metropolitan University,86,accepted
2023,Health Sciences,Wilfrid Laurier University,92,accepted
2023,Nursing (Woodroofe Campus),University Of Ottawa,87,accepted
2023,Engineering,Western University,96,accepted
2023,Mechatronics Engineering,Toronto Metropolitan University,90,accepted
2023,Biomedical Science,University Of Ottawa,96,accepted
2023,Life Sciences,University Of Toronto,95,accepted
2023,Social Sciences & Humanities (Evolutionary Anthropology),University Of Toronto,95,accepted
2023,Bachelor Of Arts (Psychology),University Of Ottawa,89,accepted
2023,Bba,Wilfrid Laurier University,96,accepted
2023,Business Administration,Wilfrid Laurier University,96,accepted
2023,Double Degree In Management & Finance (Bba) And Statistics—Quantitative Finance Stream (Bsc),University Of Toronto,96,accepted
2023,Computer Science Honours (Game Dev Stream),Carleton University,92,accepted
2023,Social Science-Neuroscience/Psych Specialization,Mcmaster University,88,accepted
2023,Computer Science (Cod),Carleton University,94,accepted
2023,Civil Engineering,Toronto Metropolitan University,85,accepted
2023,Honours Arts (Psychology),University Of Waterloo,93,accepted
2023,Engineering,Queens University,93,accepted
2023,Bachelor Of Arts,Queens University,91,accepted
2023,Bachelor Of Science,Queens University,91,accepted
2023,Applied Science (Engineering),Queens University,92,accepted
2023,Queen'S Nursing,Queens University,92,accepted
2023,Bachelor Of Health Sciences (Honours),Queens University,97,accepted
2023,General Engineering,Queens University,93,accepted
2023,Applied Science,Queens University,94,accepted
2023,Kinesiology,Queens University,93,accepted
2023,Engineering,Queens University,95,accepted
2023,Engineering,Queens University,96,accepted
2023,Health Science (With Co-Op),University Of Waterloo,96,accepted
2023,Health Science,University Of Waterloo,91,accepted
2023,Honours Arts (Psychology),Queens University,93,accepted
2023,International Development,University Of Waterloo,93,accepted
2023,Honours Sci,University Of Waterloo,96,accepted
2023,Life Sci,University Of Waterloo,96,accepted
2023,Applied Science General (Eng),Queens University,95,accepted
2023,Honours Health Sciences (Co-Op),University Of Waterloo,95,accepted
2023,Health Sciences (Co-Op),University Of Waterloo,95,accepted
2023,Softeng,Carleton University,88,accepted
2023,Biomedical Engineering,Toronto Metropolitan University,85,accepted
2023,Health Sciences With Co-Op,University Of Waterloo,96,accepted
2023,Management And Ivey,Western University,96,accepted
2023,Bachelor Of Arts Con-Ed,Queens University,93,accepted
2023,Humanities I,Mcmaster University,95,accepted
2023,Health Sciences,University Of Waterloo,93,accepted
2023,Science,Queens University,92,accepted
2023,Life Science (Co-Op),University Of Waterloo,92,accepted
2023,Rta Media Production,Toronto Metropolitan University,97,accepted
2023,Computer Science,Ontario Tech University,90,accepted
2023,Computer Science,Toronto Metropolitan University,92,accepted
2023,Concurrent Science,Queens University,95,accepted
2023,Engineering Science,University Of Toronto,97,accepted
2023,Computer Science,Mcmaster University,96,accepted
2023,Computing,Queens University,96,accepted
2023,Engineering,Western University,90,accepted
2023,Computer Science,Toronto Metropolitan University,89,accepted
2023,Commerce,Brock University,93,accepted
2023,Commerce,University Of Ottawa,93,accepted
2023,Commerce,Carleton University,93,accepted
2023,Commerce,University Of Guelph,93,accepted
2023,Commerce,University Of Toronto,93,accepted
2023,Engineering,Queens University,96,accepted
2023,Life Sciences,University Of Toronto,96,accepted
2023,Life Sciences And Biochemistry,Queens University,96,accepted
2023,Engineering,Queens University,95,accepted
2023,Computer Science,Toronto Metropolitan University,92,accepted
2023,Kinesiology,Mcmaster University,93,accepted
2023,Chemical & Physical Science,Mcmaster University,91,accepted
2023,Kinesiology,Mcmaster University,92,accepted
2023,Kinesiology,Mcmaster University,97,accepted
2023,Math And Statistics Gateway,Mcmaster University,96,accepted
2023,Math And Stats Gateway,Mcmaster University,92,accepted
2023,Chemistry,Toronto Metropolitan University,83,accepted
2023,Mechanical Engineering,University Of Toronto,98,accepted
2023,Medical Radiation Sciences,Mcmaster University,91,accepted
2023,Life Sciences Gateway,Mcmaster University,95,accepted
2023,Kinesiology,Mcmaster University,97,accepted
2023,Mechatronics Engineering,Queens University,97,accepted
2023,Life Science Gateway,Mcmaster University,97,accepted
2023,Social Science,University Of Toronto,93,accepted
2023,Kinesiology,Mcmaster University,96,accepted
2023,Life Science,Mcmaster University,96,accepted
2023,Life Sciences,Mcmaster University,98,accepted
2023,"Computer Science, Math, And Statistics",University Of Toronto Mississauga,96,accepted
2023,Civil Engineering,University Of Ottawa,85,accepted
2023,Life Sciences,University Of Toronto,89,accepted
2023,Software Engineering,Mcmaster University,98,accepted
2023,Computer Science,Mcmaster University,98,accepted
2023,Engineering,Mcmaster University,93,accepted
2023,Computer Science,Mcmaster University,97,accepted
2023,Engineering,Mcmaster University,97,accepted
2023,Engineering,Mcmaster University,93,accepted
2023,Nursing,Ontario Tech University,85,accepted
2023,Engineering 1,Mcmaster University,100,accepted
2023,Coned (Science),Queens University,96,accepted
2023,Engineering 1 Co-Op,Mcmaster University,89,accepted
2023,B.Tech,Mcmaster University,89,accepted
2023,Life Sciences,University Of Toronto,94,accepted
2023,Nursing,York University,87,accepted
2023,Nursing,University Of Windsor,87,accepted
2023,Health Science,Carleton University,85,accepted
2023,Health Sci,University Of Ottawa,87,accepted
2023,Child Health,Brock University,85,accepted
2023,Computer Science,Mcmaster University,97,accepted
2023,Ba&Bsc,Mcgill University,98,accepted
2023,Science (Comp Sci Plan),Western University,95,accepted
2023,Science (Computer Science),Western University,92,accepted
2023,Engineering I (Co-Op),Mcmaster University,92,accepted
2023,Economics,Mcmaster University,92,accepted
2023,Afm,University Of Waterloo,96,accepted
2023,Engineering I,Mcmaster University,96,accepted
2023,Engineering,Western University,96,accepted
2023,Kinesiology,Western University,92,accepted
2023,Health Science,Western University,93,accepted
2023,Science,Western University,92,accepted
2023,Medical Sciences,Western University,95,accepted
2023,Accounting And Financial Management,University Of Waterloo,96,accepted
2023,Life Sciences,Mcmaster University,98,accepted
2023,Honours Mathematics Co-Op,University Of Waterloo,97,accepted
2023,Business I,Mcmaster University,94,accepted
2023,Zoology,University Of Guelph,88,accepted
2023,Mechatronics Engineering,Toronto Metropolitan University,92,accepted
2023,Animal Biology,University Of Guelph,94,accepted
2023,Computer Science,University Of Guelph,94,accepted
2023,Social Sciences I,Mcmaster University,88,accepted
2023,Psychology,University Of Guelph,88,accepted
2023,Engineering 1 Co-Op,Mcmaster University,98,accepted
2023,Life Science,Mcmaster University,92,accepted
2023,Criminal Justice And Public Policy,University Of Guelph,92,accepted
2023,Ibiomed,Mcmaster University,94,accepted
2023,Child Studies,University Of Guelph,82,accepted
2023,Ibiomed,Mcmaster University,98,accepted
2023,Life Sciences,Mcmaster University,98,accepted
2023,Commerce,University Of Guelph,90,accepted
2023,Business I,Mcmaster University,90,accepted
2023,Biological Sciences,University Of Guelph,89,accepted
2023,Business Administration,Wilfrid Laurier University,96,accepted
2023,Integrated Biomedical Engineering And Health Sciences,Mcmaster University,97,accepted
2023,Business 1,Mcmaster University,97,accepted
2023,Science - Computer Science Interest,Western University,92,accepted
2023,Engineering (Co-Op),Mcmaster University,91,accepted
2023,Social Science,Mcmaster University,88,accepted
2023,Computer Science,Carleton University,90,accepted
2023,Honours Business Administration,Western Ivey Aeo,97,accepted
2023,Engineering 1 Co-Op,Mcmaster University,96,accepted
2023,Computer Science (Ivey Aeo),Western University,98,accepted
2023,Math And Stats Gateway,Mcmaster University,95,accepted
2023,Engineering 1 Co-Op,Mcmaster University,94,accepted
2023,Biotechnology,Mcmaster University,94,accepted
2023,Business 1,Mcmaster University,92,accepted
2023,Computer Engineering,University Of Toronto,98,accepted
2023,Computer Science,Toronto Metropolitan University,89,accepted
2023,Eng Sci,University Of Toronto,95,accepted
2023,Computer Science (Cmp1),University Of Toronto,99,accepted
2023,Electrical Eng,University Of Toronto,94,accepted
2023,Electrical Engineering,University Of Toronto,92,accepted
2023,Civil Engineering,University Of Toronto,95,accepted
2023,Animal Biology,University Of Guelph,91,accepted
2023,Engineering,Western University,91,accepted
2023,Engineering Science,University Of Waterloo,97,accepted
2023,Engineering Science,University Of Toronto,95,accepted
2023,Electrical Engineering,University Of Toronto,96,accepted
2023,Engineering Science,University Of Toronto,98,accepted
2023,Life Science,University Of Toronto,98,accepted
2023,Engineering I Co-Op,Mcmaster University,93,accepted
2023,Computer Engineering,University Of Toronto,93,accepted
2023,Mechanical Engineering,University Of Guelph,93,accepted
2023,Schulich Bba,York University,94,accepted
2023,Business 1,Mcmaster University,90,accepted
2023,Chemical Engineering,University Of Toronto,95,accepted
2023,Schulich Bba,York University,96,accepted
2023,Computer Science,University Of Toronto,98,accepted
2023,Schulich,York University,93,accepted
2023,Criminology + Psychology,Toronto Metropolitan University,89,accepted
2023,Computer Science,York University,88,accepted
2023,Western Bmos +Ivey,Western University,98,accepted
2023,Bba (Schulich),York University,97,accepted
2023,Accounting And Financial Management,University Of Waterloo,97,accepted
2023,Computer Science (Ba),York University,91,accepted
2023,Schulich Bba,York University,96,accepted
2023,Computer Science,University Of Toronto,94,accepted
2023,Computer Science (Bsc),York University,92,accepted
2023,Rotman Commerce,University Of Toronto,94,accepted
2023,Engineering Science,University Of Toronto,95,accepted
2023,Engineering Science,University Of Toronto,98,accepted
2023,Honours Health Sci,University Of Ottawa,85,accepted
2023,Science,Dal,85,accepted
2023,Engineering I,Mcmaster University,92,accepted
2023,Schulich Bba,York University,92,accepted
2023,Schulich Bba,York University,87,accepted
2023,Computer Science,University Of Toronto,98,accepted
2023,Life Science,University Of Toronto,94,accepted
2023,"Rotman Commerce, Utsc International Business",University Of Toronto,98,accepted
2023,Humanities,University Of Toronto,95,accepted
2023,Forensic Science,University Of Toronto Mississauga,91,accepted
2023,Management (Bba) Uoft Sc,University Of Toronto,93,accepted
2023,Physical & Environmental Sciences,University Of Toronto,89,accepted
2023,Life Sciences,University Of Toronto,91,accepted
2023,Cs,University Of Toronto,97,accepted
2023,Computer Engineering,University Of Toronto,97,accepted
2023,Health Sci,Wilfrid Laurier University,92,accepted
2023,Biomedical Science,University Of Ottawa,92,accepted
2023,Life Sci (Neuroscience0,University Of Toronto,92,accepted
2023,Architectural Science,Toronto Metropolitan University,87,accepted
2023,Engineering,Mcmaster University,94,accepted
2023,Life Sciences,University Of Toronto,95,accepted
2023,Nursing (With George Brown),Toronto Metropolitan University,91,accepted
2023,Cs,University Of Toronto,98,accepted
2023,Forensic Science,University Of Toronto,91,accepted
2023,Life Sciences,University Of Toronto,94,accepted
2023,Uoft St. Geroge Computer Science,University Of Toronto,81,accepted
2023,Applied Science (Engineering),Ubcv,90,accepted
2023,Electrical Engineering,University Of Waterloo,92,accepted
2023,Biomedical Engineering,University Of Waterloo,99,accepted
2023,Engineering Science,University Of Toronto,98,accepted
2023,Ibiomed,Mcmaster University,99,accepted
2023,Bachelor Of Engineering,University Of Victoria,86,accepted
2023,Civil Engineering,University Of Waterloo,97,accepted
2023,Mechatronics Engineering,University Of Waterloo,97,accepted
2023,Electrical Engineering,University Of Waterloo,97,accepted
2023,Engineering,Carleton University,87,accepted
2023,Kinesiology,Western University,88,accepted
2023,Mechanical Engineering,University Of Waterloo,95,accepted
2023,Computer Engineering,Toronto Metropolitan University,92,accepted
2023,Biomedical Engineering,University Of Waterloo,98,accepted
2023,Biomedical Sciences,University Of Guelph,91,accepted
2023,Computer Science,University Of Toronto,95,accepted
2023,Computer Science,Uoft St George,98,accepted
2023,Cs,Queens University,96,accepted
2023,System Design Engineering,University Of Waterloo,93,accepted
2023,Mechatronics Engineering,University Of Waterloo,98,accepted
2023,Schulich Bba,York University,95,accepted
2023,Health Science,Queens University,81,accepted
2023,Mechatronics Eng,University Of Waterloo,98,accepted
2023,Ibiomed,Mcmaster University,98,accepted
2023,Electrical Engineering,University Of Waterloo,96,accepted
2023,Chemical Engineering,Toronto Metropolitan University,95,accepted
2023,Rotman Commerce,University Of Toronto,93,accepted
2023,Accounting And Financial Management,University Of Waterloo,88,accepted
2023,Ibiomed,Mcmaster University,97,accepted
2023,Psychology,Toronto Metropolitan University,87,accepted
2023,Accounting And Finance,Toronto Metropolitan University,87,accepted
2023,Nursing (Main Site),Toronto Metropolitan University,93,accepted
2023,Mcmaster Health Science,Mcmaster University,90,accepted
2023,Computer Engineering,University Of Waterloo,93,accepted
2023,Biological Science And Neuroscience,University Of Toronto Scarborough,90,accepted
2023,Biology (Biomedical Science),York University,90,accepted
2023,Environmental Science,University Of Ottawa,78,accepted
2023,Nursing,Toronto Metropolitan University,94,accepted
2023,Medical Sciences,Western University,93,accepted
2023,Medical Sciences,Western University,92,accepted
2023,Life Sciences,University Of Toronto,92,accepted
2023,Psychological And Health Sciences,University Of Toronto,92,accepted
2023,Health Sciences,Western University,92,accepted
2023,Afm,University Of Waterloo,96,accepted
2023,Health Sciences,Western University,86,accepted
2023,Afm,University Of Waterloo,93,accepted
2023,Computer Engineering,University Of Toronto,93,accepted
2023,Schulich Bba,York University,95,accepted
2023,Afm,University Of Waterloo,97,accepted
2023,Medical Sciences,Western University,91,accepted
2023,Health Sci,Western University,91,accepted
2023,Business Technology Management,Toronto Metropolitan University,86,accepted
2023,Accounting And Finace,Toronto Metropolitan University,85,accepted
2023,Ba,Mcgill University,98,accepted
2023,Ivey Hba,Western University,94,accepted
2023,Health Science,University Of Ottawa,72,accepted
2023,Nursing,Western University,92,accepted
2023,Integrated Science,Western University,95,accepted
2023,Computer Engineering,University Of Waterloo,776,accepted
2023,Social Sciences,University Of Toronto,85,accepted
2023,Ivey Aeo,Western University,94,accepted
2023,Arts And Science,Mcmaster University,94,accepted
2023,Applied Science (Engineering),Ubc,92,accepted
2023,Ppe,Queens University,93,accepted
2023,Computer Engineering,University Of Waterloo,98,accepted
2023,Computer Science,Utm,92,accepted
2023,Engineering Science,University Of Toronto,95,accepted
2023,Computer Science,University Of Ottawa,88,accepted
2023,Western Science (Cs),Western University,88,accepted
2023,Social Science: Psychology,Western University,93,accepted
2023,Life Sciences,University Of Toronto,98,accepted
2023,Afm,University Of Waterloo,98,accepted
2023,Rotman,University Of Toronto,98,accepted
2023,Accounting And Finance,Toronto Metropolitan University,96,accepted
2023,Accounting,Brock University,96,accepted
2023,Bba,Wilfrid Laurier University,93,accepted
2023,Life Sci,University Of Waterloo,94,accepted
2023,Honours Sci,University Of Waterloo,94,accepted
2023,Life Sci,University Of Toronto,92,accepted
2023,Life Science,York University,94,accepted
2023,Life Science (Chemistry),Toronto Metropolitan University,92,accepted
2023,Life Sciences & Biochemistry,Queens University,92,accepted
2023,Systems Design Engineering,University Of Waterloo,98,accepted
2023,Social Sciences,University Of Toronto,98,accepted
2023,Management Engineering,University Of Waterloo,93,accepted
2023,Computer Engineering,University Of Waterloo,96,accepted
2023,Computer Science,Utm,89,accepted
2023,"Computer Science, Mathematics And Statistics",University Of Toronto,91,accepted
2023,"Computer Science, Math, And Statistics",Mississauga,93,accepted
2023,Rotman Commerce,University Of Toronto,96,accepted
2023,Computer Science,Uoft Mississauga,93,accepted
2023,Life Science,Mcmaster University,89,accepted
2023,Computer Science,University Of Toronto-Mississauga,91,accepted
2023,Computer Science,University Of Toronto,94,accepted
2023,Life Sci (Utsg) And Physical Sciences,University Of Toronto,87,accepted
2023,Arts,Queens University,88,accepted
2023,Commerce,Toronto Metropolitan University,88,accepted
2023,Kinesiology,Queens University,89,accepted
2023,Computer Science Utm,University Of Toronto,87,accepted
2023,Computer Science,University Of Toronto - St. George,99,accepted
2023,Commerce,Queens University,94,accepted
2023,Social Sciences + Ivey Aeo,Western University,94,accepted
2023,Humanities,University Of Toronto,86,accepted
2023,Economics,Wilfrid Laurier University,88,accepted
2023,Computer Science,Uoft Missisauga,90,accepted
2023,Comp Sci,Toronto Metropolitan University,94,accepted
2023,Arts,Mcgill,94,accepted
2023,Eng 1,Mcmaster University,95,accepted
2023,Honours Bachelor Of Science With Major In Computer Science Coop Program,University Of Ottawa,92,accepted
2023,Health Science,Queens University,100,accepted
2023,Criminology,Toronto Metropolitan University,87,accepted
2023,Software Engineering,Mcgill University,98,accepted
2023,Bioengineering,Mcgill University,98,accepted
2023,Computing,Queens University,94,accepted
2023,Health Science,Western University,97,accepted
2023,Bba,Scarborough Campus,91,accepted
2023,Chemical Engineering,University Of Waterloo,94,accepted
2023,Business 1,Mcmaster University,89,accepted
2023,"Bachelor Of Science Honours, Neuroscience And Mental Health",Carleton University,86,accepted
2023,Business - Technology Management (Bcom) (Co-Op),Ontario Tech University,90,accepted
2023,Engineering,Western University,82,accepted
2023,Nursing,Trent University,86,accepted
2023,Psychology,Toronto Metropolitan University,87,accepted
2023,Health Sciences,Queens University,99,accepted
2023,Life Sci,University Of Toronto,86,accepted
2023,Business Technology Management,Toronto Metropolitan University,93,accepted
2023,Comp Sci,York University,93,accepted
2023,Bba,Wilfrid Laurier University,94,accepted
2023,Computer Science (Bsc),York University,96,accepted
2023,Software Engineering,University Of Waterloo,86,accepted
2023,Nano Engineering,University Of Waterloo,93,accepted
2023,Chemical Engineering,Toronto Metropolitan University,82,accepted
2023,Accounting And Finance,Toronto Metropolitan University,90,accepted
2023,Mechanical Engineering,Toronto Metropolitan University,92,accepted
2023,Biomedical Engineering,Toronto Metropolitan University,90,accepted
2023,Accounting And Finance (Co-Op),Toronto Metropolitan University,94,accepted
2023,Bba,Wilfrid Laurier University,94,accepted
2023,Ba,Mcgill,94,accepted
2023,Computer Science Co Op,Toronto Metropolitan University,96,accepted
2023,Computer Engineering,Toronto Metropolitan University,88,accepted
2023,Chemical Engineer,Toronto Metropolitan University,86,accepted
2023,Engineering,Mcmaster University,92,accepted
2023,Bmos And Ivey Aeo,Western University,98,accepted
2023,Health Sciences,Queens University,93,accepted
2023,Ibiomed,Mcmaster University,98,accepted
2023,Bba,Wilfrid Laurier University,92,accepted
2023,Computer Engineering,Toronto Metropolitan University,91,accepted
2023,Mathematics And Statistics Gateway,Mcmaster University,92,accepted
2023,Mechatronics Engineering,University Of Waterloo,97,accepted
2023,"Life Sciences, Honours",University Of Waterloo,95,accepted
2023,Waterloo Software Engineering,University Of Waterloo,97,accepted
2023,Health Sciences,University Of Waterloo,97,accepted
2023,Geography And Aviation,University Of Waterloo,86,accepted
2023,Computer Science,University Of Waterloo,99,accepted
2023,Mechanical Engineering,University Of Waterloo,91,accepted
2023,Isci (Integrated Science),Mcmaster University,94,accepted
2023,Chemical Engineering,University Of Waterloo,94,accepted
2023,Engineering 1,Mcmaster University,95,accepted
2023,Life Sciences,Mcmaster University,95,accepted
2023,Isci (Integrated Science),Mcmaster University,94,accepted
2023,Math Co-Op,University Of Waterloo,97,accepted
2023,Afm,University Of Waterloo,94,accepted
2023,Life Science,Mcmaster University,95,accepted
2023,Life Sci,Mcmaster University,94,accepted
2023,"Bachelor Of Computing, Honours Major Computer Science",University Of Guelph,91,accepted
2023,Mathematics/Business (Coop),University Of Waterloo,93,accepted
2023,Mathematics (Coop),University Of Waterloo,93,accepted
2023,Computer Science (Coop),University Of Waterloo,96,accepted
2023,Engineering Science,University Of Toronto,94,accepted
2023,Computer Science Co-Op,University Of Guelph,94,accepted
2023,Health Science With Co-Op,University Of Waterloo,92,accepted
2023,Biomedical Engineering,University Of Guelph,88,accepted
2023,Life Sci,University Of Waterloo,86,accepted
2023,Honors Sci,University Of Waterloo,86,accepted
2023,Ivey Aeo,Western University,97,accepted
2023,Planning (Bes),University Of Waterloo,86,accepted
2023,Health Sciences,Mcmaster University,96,accepted
2023,Health Science,Mcmaster University,92,accepted
2023,Life Sci,Mcmaster University,93,accepted
2023,Architecture,University Of Waterloo,88,accepted
2023,Cfm,University Of Waterloo,99,accepted
2023,Architecural Engineering,University Of Waterloo,88,accepted
2023,Architectural Studies,Carleton University,88,accepted
2023,Computer Science Co-Op I,Mcmaster University,96,accepted
2023,Computing,Queens University,95,accepted
2023,Computer Science,Mcmaster University,96,accepted
2023,Computer Science,Mcmaster University,92,accepted
2023,Schulich Bba,York University,94,accepted
2023,Hb1,Mcmaster University,94,accepted
2023,Computer Science Coop,Mcmaster University,94,accepted
2023,Conditional Admission To Pharmacy,University Of Waterloo,98,accepted
2023,Mechatronics Engineering,University Of Waterloo,98,accepted
2023,Math & Statistics Gateway,Mcmaster University,93,accepted
2023,Statistics,University Of Ottawa,93,accepted
2023,Engineering,Mcmaster University,90,accepted
2023,Mathematics Coop,University Of Waterloo,95,accepted
2023,Commerce,Queens University,92,accepted
2023,Life Sciences,Ocad University,95,accepted
2023,Commerce,University Of Toronto,87,accepted
2023,Commerce,York University,94,accepted
2023,Computer Science,University Of Waterloo,90,accepted
2023,Computer Science,University Of Waterloo,89,accepted
2023,Gender Studies,Nipissing University,90,accepted
2023,Healthsciences,Queens University,96,accepted
2023,Health Science,Western University,88,accepted
2023,General Science,Western University,88,accepted
2023,Biomedical Science,University Of Guelph,88,accepted
2023,Genetics,University Of Guelph,88,accepted
2023,Biochemistry,University Of Guelph,88,accepted
2023,Health Science,University Of Waterloo,88,accepted
2023,Civil Engineering,Western University,89,accepted
2023,Science,Western University,87,accepted
2023,Engineering,Queens University,92,accepted
2023,Microbiology,University Of Guelph,85,accepted
2023,Chemical Engineering,University Of Toronto,92,accepted
2023,Software Engineering,University Of Waterloo,98,accepted
